Disease,Symptom_1,Symptom_2,Symptom_3,Symptom_4,Symptom_5,Symptom_6,Symptom_7,Symptom_8,Symptom_9,Symptom_10,Symptom_11,Symptom_12,Symptom_13,Symptom_14,Symptom_15,Symptom_16,Symptom_17
Fungal infection,itching,skin_rash,nodal_skin_eruptions,dischromic _patches,,,,,,,,,,,,,
Fungal infection,skin_rash,nodal_skin_eruptions,dischromic _patches,,,,,,,,,,,,,,
Fungal infection,itching,nodal_skin_eruptions,dischromic _patches,,,,,,,,,,,,,,
Fungal infection,itching,skin_rash,dischromic _patches,,,,,,,,,,,,,,
Fungal infection,itching,skin_rash,nodal_skin_eruptions,,,,,,,,,,,,,,
Fungal infection,skin_rash,nodal_skin_eruptions,dischromic _patches,,,,,,,,,,,,,,
Fungal infection,itching,nodal_skin_eruptions,dischromic _patches,,,,,,,,,,,,,,
Fungal infection,itching,skin_rash,dischromic _patches,,,,,,,,,,,,,,
Fungal infection,itching,skin_rash,nodal_skin_eruptions,,,,,,,,,,,,,,
Fungal infection,itching,skin_rash,nodal_skin_eruptions,dischromic _patches,,,,,,,,,,,,,
Allergy,continuous_sneezing,shivering,chills,watering_from_eyes,,,,,,,,,,,,,,
Allergy,shivering,chills,watering_from_eyes,,,,,,,,,,,,,,,
Allergy,continuous_sneezing,chills,watering_from_eyes,,,,,,,,,,,,,,,
Allergy,continuous_sneezing,shivering,watering_from_eyes,,,,,,,,,,,,,,,
Allergy,continuous_sneezing,shivering,chills,,,,,,,,,,,,,,,
Allergy,shivering,chills,watering_from_eyes,,,,,,,,,,,,,,,
Allergy,continuous_sneezing,chills,watering_from_eyes,,,,,,,,,,,,,,,
Allergy,continuous_sneezing,shivering,watering_from_eyes,,,,,,,,,,,,,,,
Allergy,continuous_sneezing,shivering,chills,,,,,,,,,,,,,,,
Allergy,continuous_sneezing,shivering,chills,watering_from_eyes,,,,,,,,,,,,,
GERD,stomach_pain,acidity,ulcers_on_tongue,vomiting,cough,chest_pain,,,,,,,,,,,,
GERD,stomach_pain,ulcers_on_tongue,vomiting,cough,chest_pain,,,,,,,,,,,,,
GERD,stomach_pain,acidity,vomiting,cough,chest_pain,,,,,,,,,,,,,
GERD,stomach_pain,acidity,ulcers_on_tongue,cough,chest_pain,,,,,,,,,,,,,
GERD,stomach_pain,acidity,ulcers_on_tongue,vomiting,chest_pain,,,,,,,,,,,,,
GERD,stomach_pain,acidity,ulcers_on_tongue,vomiting,cough,,,,,,,,,,,,,
GERD,acidity,ulcers_on_tongue,vomiting,cough,chest_pain,,,,,,,,,,,,,
GERD,stomach_pain,ulcers_on_tongue,vomiting,cough,chest_pain,,,,,,,,,,,,,
GERD,stomach_pain,acidity,vomiting,cough,chest_pain,,,,,,,,,,,,,
GERD,stomach_pain,acidity,ulcers_on_tongue,cough,chest_pain,,,,,,,,,,,,,
Chronic cholestasis,itching,vomiting,yellowish_skin,nausea,loss_of_appetite,abdominal_pain,yellowing_of_eyes,,,,,,,,,,
Chronic cholestasis,vomiting,yellowish_skin,nausea,loss_of_appetite,abdominal_pain,yellowing_of_eyes,,,,,,,,,,,
Chronic cholestasis,itching,yellowish_skin,nausea,loss_of_appetite,abdominal_pain,yellowing_of_eyes,,,,,,,,,,,
Chronic cholestasis,itching,vomiting,nausea,loss_of_appetite,abdominal_pain,yellowing_of_eyes,,,,,,,,,,,
Chronic cholestasis,itching,vomiting,yellowish_skin,loss_of_appetite,abdominal_pain,yellowing_of_eyes,,,,,,,,,,,
Chronic cholestasis,itching,vomiting,yellowish_skin,nausea,abdominal_pain,yellowing_of_eyes,,,,,,,,,,,
Chronic cholestasis,itching,vomiting,yellowish_skin,nausea,loss_of_appetite,yellowing_of_eyes,,,,,,,,,,,
Chronic cholestasis,itching,vomiting,yellowish_skin,nausea,loss_of_appetite,abdominal_pain,,,,,,,,,,,
Chronic cholestasis,itching,vomiting,yellowish_skin,nausea,loss_of_appetite,abdominal_pain,yellowing_of_eyes,,,,,,,,,,
Chronic cholestasis,itching,vomiting,yellowish_skin,nausea,loss_of_appetite,abdominal_pain,yellowing_of_eyes,,,,,,,,,,
Drug Reaction,itching,skin_rash,stomach_pain,burning_micturition,spotting_ urination,,,,,,,,,,,,,
Drug Reaction,itching,stomach_pain,burning_micturition,spotting_ urination,,,,,,,,,,,,,,
Drug Reaction,itching,skin_rash,burning_micturition,spotting_ urination,,,,,,,,,,,,,,
Drug Reaction,itching,skin_rash,stomach_pain,spotting_ urination,,,,,,,,,,,,,,
Drug Reaction,itching,skin_rash,stomach_pain,burning_micturition,,,,,,,,,,,,,,
Drug Reaction,skin_rash,stomach_pain,burning_micturition,spotting_ urination,,,,,,,,,,,,,,
Drug Reaction,itching,stomach_pain,burning_micturition,spotting_ urination,,,,,,,,,,,,,,
Drug Reaction,itching,skin_rash,burning_micturition,spotting_ urination,,,,,,,,,,,,,,
Drug Reaction,itching,skin_rash,stomach_pain,spotting_ urination,,,,,,,,,,,,,,
Drug Reaction,itching,skin_rash,stomach_pain,burning_micturition,,,,,,,,,,,,,,
Peptic ulcer diseae,vomiting,indigestion,nausea,loss_of_appetite,abdominal_pain,passage_of_gases,internal_bleeding,,,,,,,,,,
Peptic ulcer diseae,vomiting,nausea,loss_of_appetite,abdominal_pain,passage_of_gases,internal_bleeding,,,,,,,,,,,
Peptic ulcer diseae,vomiting,indigestion,loss_of_appetite,abdominal_pain,passage_of_gases,internal_bleeding,,,,,,,,,,,
Peptic ulcer diseae,vomiting,indigestion,nausea,abdominal_pain,passage_of_gases,internal_bleeding,,,,,,,,,,,
Peptic ulcer diseae,vomiting,indigestion,nausea,loss_of_appetite,passage_of_gases,internal_bleeding,,,,,,,,,,,
Peptic ulcer diseae,vomiting,indigestion,nausea,loss_of_appetite,abdominal_pain,internal_bleeding,,,,,,,,,,,
Peptic ulcer diseae,vomiting,indigestion,nausea,loss_of_appetite,abdominal_pain,passage_of_gases,,,,,,,,,,,
Peptic ulcer diseae,indigestion,nausea,loss_of_appetite,abdominal_pain,passage_of_gases,internal_bleeding,,,,,,,,,,,
Peptic ulcer diseae,vomiting,nausea,loss_of_appetite,abdominal_pain,passage_of_gases,internal_bleeding,,,,,,,,,,,
Peptic ulcer diseae,vomiting,indigestion,loss_of_appetite,abdominal_pain,passage_of_gases,internal_bleeding,,,,,,,,,,,
AIDS,muscle_wasting,patches_in_throat,high_fever,extra_marital_contacts,,,,,,,,,,,,,,
AIDS,patches_in_throat,high_fever,extra_marital_contacts,,,,,,,,,,,,,,,
AIDS,muscle_wasting,high_fever,extra_marital_contacts,,,,,,,,,,,,,,,
AIDS,muscle_wasting,patches_in_throat,extra_marital_contacts,,,,,,,,,,,,,,,
AIDS,muscle_wasting,patches_in_throat,high_fever,,,,,,,,,,,,,,,
AIDS,muscle_wasting,patches_in_throat,high_fever,extra_marital_contacts,,,,,,,,,,,,,,
AIDS,patches_in_throat,high_fever,extra_marital_contacts,,,,,,,,,,,,,,,
AIDS,muscle_wasting,high_fever,extra_marital_contacts,,,,,,,,,,,,,,,
AIDS,muscle_wasting,patches_in_throat,extra_marital_contacts,,,,,,,,,,,,,,,
AIDS,muscle_wasting,patches_in_throat,high_fever,,,,,,,,,,,,,,,
Diabetes ,fatigue,weight_loss,restlessness,lethargy,irregular_sugar_level,blurred_and_distorted_vision,obesity,excessive_hunger,increased_appetite,polyuria,,,,,,,
Diabetes ,weight_loss,restlessness,lethargy,irregular_sugar_level,blurred_and_distorted_vision,obesity,excessive_hunger,increased_appetite,polyuria,,,,,,,,
Diabetes ,fatigue,restlessness,lethargy,irregular_sugar_level,blurred_and_distorted_vision,obesity,excessive_hunger,increased_appetite,polyuria,,,,,,,,
Diabetes ,fatigue,weight_loss,lethargy,irregular_sugar_level,blurred_and_distorted_vision,obesity,excessive_hunger,increased_appetite,polyuria,,,,,,,,
Diabetes ,fatigue,weight_loss,restlessness,irregular_sugar_level,blurred_and_distorted_vision,obesity,excessive_hunger,increased_appetite,polyuria,,,,,,,,
Diabetes ,fatigue,weight_loss,restlessness,lethargy,blurred_and_distorted_vision,obesity,excessive_hunger,increased_appetite,polyuria,,,,,,,,
Diabetes ,fatigue,weight_loss,restlessness,lethargy,irregular_sugar_level,obesity,excessive_hunger,increased_appetite,polyuria,,,,,,,,
Diabetes ,fatigue,weight_loss,restlessness,lethargy,irregular_sugar_level,blurred_and_distorted_vision,excessive_hunger,increased_appetite,polyuria,,,,,,,,
Diabetes ,fatigue,weight_loss,restlessness,lethargy,irregular_sugar_level,blurred_and_distorted_vision,obesity,increased_appetite,polyuria,,,,,,,,
Diabetes ,fatigue,weight_loss,restlessness,lethargy,irregular_sugar_level,blurred_and_distorted_vision,obesity,excessive_hunger,polyuria,,,,,,,,
Gastroenteritis,vomiting,sunken_eyes,dehydration,diarrhoea,,,,,,,,,,,,,,
Gastroenteritis,sunken_eyes,dehydration,diarrhoea,,,,,,,,,,,,,,,
Gastroenteritis,vomiting,dehydration,diarrhoea,,,,,,,,,,,,,,,
Gastroenteritis,vomiting,sunken_eyes,diarrhoea,,,,,,,,,,,,,,,
Gastroenteritis,vomiting,sunken_eyes,dehydration,,,,,,,,,,,,,,,
Gastroenteritis,sunken_eyes,dehydration,diarrhoea,,,,,,,,,,,,,,,
Gastroenteritis,vomiting,dehydration,diarrhoea,,,,,,,,,,,,,,,
Gastroenteritis,vomiting,sunken_eyes,diarrhoea,,,,,,,,,,,,,,,
Gastroenteritis,vomiting,sunken_eyes,dehydration,,,,,,,,,,,,,,,
Gastroenteritis,vomiting,sunken_eyes,dehydration,diarrhoea,,,,,,,,,,,,,,
Bronchial Asthma,fatigue,cough,high_fever,breathlessness,family_history,mucoid_sputum,,,,,,,,,,,
Bronchial Asthma,cough,high_fever,breathlessness,family_history,mucoid_sputum,,,,,,,,,,,,
Bronchial Asthma,fatigue,high_fever,breathlessness,family_history,mucoid_sputum,,,,,,,,,,,,
Bronchial Asthma,fatigue,cough,breathlessness,family_history,mucoid_sputum,,,,,,,,,,,,
Bronchial Asthma,fatigue,cough,high_fever,family_history,mucoid_sputum,,,,,,,,,,,,
Bronchial Asthma,fatigue,cough,high_fever,breathlessness,mucoid_sputum,,,,,,,,,,,,
Bronchial Asthma,fatigue,cough,high_fever,breathlessness,family_history,,,,,,,,,,,,
Bronchial Asthma,cough,high_fever,breathlessness,family_history,mucoid_sputum,,,,,,,,,,,,
Bronchial Asthma,fatigue,high_fever,breathlessness,family_history,mucoid_sputum,,,,,,,,,,,,
Bronchial Asthma,fatigue,cough,breathlessness,family_history,mucoid_sputum,,,,,,,,,,,,
Hypertension ,headache,chest_pain,dizziness,loss_of_balance,lack_of_concentration,,,,,,,,,,,,
Hypertension ,chest_pain,dizziness,loss_of_balance,lack_of_concentration,,,,,,,,,,,,,
Hypertension ,headache,dizziness,loss_of_balance,lack_of_concentration,,,,,,,,,,,,,
Hypertension ,headache,chest_pain,loss_of_balance,lack_of_concentration,,,,,,,,,,,,,
Hypertension ,headache,chest_pain,dizziness,lack_of_concentration,,,,,,,,,,,,,
Hypertension ,headache,chest_pain,dizziness,loss_of_balance,,,,,,,,,,,,,
Hypertension ,chest_pain,dizziness,loss_of_balance,lack_of_concentration,,,,,,,,,,,,,
Hypertension ,headache,dizziness,loss_of_balance,lack_of_concentration,,,,,,,,,,,,,
Hypertension ,headache,chest_pain,loss_of_balance,lack_of_concentration,,,,,,,,,,,,,
Hypertension ,headache,chest_pain,dizziness,lack_of_concentration,,,,,,,,,,,,,
Migraine,acidity,indigestion,headache,blurred_and_distorted_vision,excessive_hunger,stiff_neck,depression,irritability,visual_disturbances,,,,,,,,
Migraine,indigestion,headache,blurred_and_distorted_vision,excessive_hunger,stiff_neck,depression,irritability,visual_disturbances,,,,,,,,,
Migraine,acidity,headache,blurred_and_distorted_vision,excessive_hunger,stiff_neck,depression,irritability,visual_disturbances,,,,,,,,,
Migraine,acidity,indigestion,blurred_and_distorted_vision,excessive_hunger,stiff_neck,depression,irritability,visual_disturbances,,,,,,,,,
Migraine,acidity,indigestion,headache,excessive_hunger,stiff_neck,depression,irritability,visual_disturbances,,,,,,,,,
Migraine,acidity,indigestion,headache,blurred_and_distorted_vision,stiff_neck,depression,irritability,visual_disturbances,,,,,,,,,
Migraine,acidity,indigestion,headache,blurred_and_distorted_vision,excessive_hunger,depression,irritability,visual_disturbances,,,,,,,,,
Migraine,acidity,indigestion,headache,blurred_and_distorted_vision,excessive_hunger,stiff_neck,irritability,visual_disturbances,,,,,,,,,
Migraine,acidity,indigestion,headache,blurred_and_distorted_vision,excessive_hunger,stiff_neck,depression,visual_disturbances,,,,,,,,,
Migraine,acidity,indigestion,headache,blurred_and_distorted_vision,excessive_hunger,stiff_neck,depression,irritability,,,,,,,,,
Cervical spondylosis,back_pain,weakness_in_limbs,neck_pain,dizziness,loss_of_balance,,,,,,,,,,,,
Cervical spondylosis,weakness_in_limbs,neck_pain,dizziness,loss_of_balance,,,,,,,,,,,,,
Cervical spondylosis,back_pain,neck_pain,dizziness,loss_of_balance,,,,,,,,,,,,,
Cervical spondylosis,back_pain,weakness_in_limbs,dizziness,loss_of_balance,,,,,,,,,,,,,
Cervical spondylosis,back_pain,weakness_in_limbs,neck_pain,loss_of_balance,,,,,,,,,,,,,
Cervical spondylosis,back_pain,weakness_in_limbs,neck_pain,dizziness,,,,,,,,,,,,,
Cervical spondylosis,weakness_in_limbs,neck_pain,dizziness,loss_of_balance,,,,,,,,,,,,,
Cervical spondylosis,back_pain,neck_pain,dizziness,loss_of_balance,,,,,,,,,,,,,
Cervical spondylosis,back_pain,weakness_in_limbs,dizziness,loss_of_balance,,,,,,,,,,,,,
Cervical spondylosis,back_pain,weakness_in_limbs,neck_pain,loss_of_balance,,,,,,,,,,,,,
Paralysis (brain hemorrhage),vomiting,headache,weakness_of_one_body_side,altered_sensorium,,,,,,,,,,,,,
Paralysis (brain hemorrhage),headache,weakness_of_one_body_side,altered_sensorium,,,,,,,,,,,,,,
Paralysis (brain hemorrhage),vomiting,weakness_of_one_body_side,altered_sensorium,,,,,,,,,,,,,,
Paralysis (brain hemorrhage),vomiting,headache,altered_sensorium,,,,,,,,,,,,,,
Paralysis (brain hemorrhage),vomiting,headache,weakness_of_one_body_side,,,,,,,,,,,,,,
Paralysis (brain hemorrhage),headache,weakness_of_one_body_side,altered_sensorium,,,,,,,,,,,,,,
Paralysis (brain hemorrhage),vomiting,weakness_of_one_body_side,altered_sensorium,,,,,,,,,,,,,,
Paralysis (brain hemorrhage),vomiting,headache,altered_sensorium,,,,,,,,,,,,,,
Paralysis (brain hemorrhage),vomiting,headache,weakness_of_one_body_side,,,,,,,,,,,,,,
Paralysis (brain hemorrhage),vomiting,headache,weakness_of_one_body_side,altered_sensorium,,,,,,,,,,,,,
Jaundice,itching,vomiting,fatigue,weight_loss,high_fever,yellowish_skin,dark_urine,abdominal_pain,,,,,,,,,
Jaundice,vomiting,fatigue,weight_loss,high_fever,yellowish_skin,dark_urine,abdominal_pain,,,,,,,,,,
Jaundice,itching,fatigue,weight_loss,high_fever,yellowish_skin,dark_urine,abdominal_pain,,,,,,,,,,
Jaundice,itching,vomiting,weight_loss,high_fever,yellowish_skin,dark_urine,abdominal_pain,,,,,,,,,,
Jaundice,itching,vomiting,fatigue,high_fever,yellowish_skin,dark_urine,abdominal_pain,,,,,,,,,,
Jaundice,itching,vomiting,fatigue,weight_loss,yellowish_skin,dark_urine,abdominal_pain,,,,,,,,,,
Jaundice,itching,vomiting,fatigue,weight_loss,high_fever,dark_urine,abdominal_pain,,,,,,,,,,
Jaundice,itching,vomiting,fatigue,weight_loss,high_fever,yellowish_skin,abdominal_pain,,,,,,,,,,
Jaundice,itching,vomiting,fatigue,weight_loss,high_fever,yellowish_skin,dark_urine,,,,,,,,,,
Jaundice,itching,vomiting,fatigue,weight_loss,high_fever,yellowish_skin,dark_urine,abdominal_pain,,,,,,,,,
Malaria,chills,vomiting,high_fever,sweating,headache,nausea,muscle_pain,,,,,,,,,,
Malaria,vomiting,high_fever,sweating,headache,nausea,diarrhoea,muscle_pain,,,,,,,,,,,
Malaria,chills,high_fever,sweating,headache,nausea,diarrhoea,muscle_pain,,,,,,,,,,,
Malaria,chills,vomiting,sweating,headache,nausea,diarrhoea,muscle_pain,,,,,,,,,,,
Malaria,chills,vomiting,high_fever,headache,nausea,diarrhoea,muscle_pain,,,,,,,,,,,
Malaria,chills,vomiting,high_fever,sweating,nausea,diarrhoea,muscle_pain,,,,,,,,,,,
Malaria,chills,vomiting,high_fever,sweating,headache,diarrhoea,muscle_pain,,,,,,,,,,,
Malaria,chills,vomiting,high_fever,sweating,headache,nausea,muscle_pain,,,,,,,,,,,
Malaria,chills,vomiting,high_fever,sweating,headache,nausea,diarrhoea,muscle_pain,,,,,,,,,,
Malaria,chills,vomiting,high_fever,sweating,headache,nausea,muscle_pain,,,,,,,,,,
Chicken pox,itching,skin_rash,fatigue,lethargy,high_fever,headache,loss_of_appetite,mild_fever,swelled_lymph_nodes,malaise,red_spots_over_body,,,,,,
Chicken pox,skin_rash,fatigue,lethargy,high_fever,headache,loss_of_appetite,mild_fever,swelled_lymph_nodes,malaise,red_spots_over_body,,,,,,,
Chicken pox,itching,fatigue,lethargy,high_fever,headache,loss_of_appetite,mild_fever,swelled_lymph_nodes,malaise,red_spots_over_body,,,,,,,
Chicken pox,itching,skin_rash,lethargy,high_fever,headache,loss_of_appetite,mild_fever,swelled_lymph_nodes,malaise,red_spots_over_body,,,,,,,
Chicken pox,itching,skin_rash,fatigue,high_fever,headache,loss_of_appetite,mild_fever,swelled_lymph_nodes,malaise,red_spots_over_body,,,,,,,
Chicken pox,itching,skin_rash,fatigue,lethargy,headache,loss_of_appetite,mild_fever,swelled_lymph_nodes,malaise,red_spots_over_body,,,,,,,
Chicken pox,itching,skin_rash,fatigue,lethargy,high_fever,loss_of_appetite,mild_fever,swelled_lymph_nodes,malaise,red_spots_over_body,,,,,,,
Chicken pox,itching,skin_rash,fatigue,lethargy,high_fever,headache,mild_fever,swelled_lymph_nodes,malaise,red_spots_over_body,,,,,,,
Chicken pox,itching,skin_rash,fatigue,lethargy,high_fever,headache,loss_of_appetite,swelled_lymph_nodes,malaise,red_spots_over_body,,,,,,,
Chicken pox,itching,skin_rash,fatigue,lethargy,high_fever,headache,loss_of_appetite,mild_fever,malaise,red_spots_over_body,,,,,,,
Dengue,skin_rash,chills,joint_pain,vomiting,fatigue,high_fever,headache,nausea,loss_of_appetite,pain_behind_the_eyes,back_pain,malaise,red_spots_over_body,,,
Dengue,chills,joint_pain,vomiting,fatigue,high_fever,headache,nausea,loss_of_appetite,pain_behind_the_eyes,back_pain,malaise,muscle_pain,red_spots_over_body,,
Dengue,skin_rash,joint_pain,vomiting,fatigue,high_fever,headache,nausea,loss_of_appetite,pain_behind_the_eyes,back_pain,malaise,muscle_pain,red_spots_over_body,
Dengue,skin_rash,chills,vomiting,fatigue,high_fever,headache,nausea,loss_of_appetite,pain_behind_the_eyes,back_pain,malaise,muscle_pain,red_spots_over_body,
Dengue,skin_rash,chills,joint_pain,fatigue,high_fever,headache,nausea,loss_of_appetite,pain_behind_the_eyes,back_pain,malaise,muscle_pain,red_spots_over_body,
Dengue,skin_rash,chills,joint_pain,vomiting,high_fever,headache,nausea,loss_of_appetite,pain_behind_the_eyes,back_pain,malaise,muscle_pain,red_spots_over_body,
Dengue,skin_rash,chills,joint_pain,vomiting,fatigue,headache,nausea,loss_of_appetite,pain_behind_the_eyes,back_pain,malaise,muscle_pain,red_spots_over_body,
Dengue,skin_rash,chills,joint_pain,vomiting,fatigue,high_fever,nausea,loss_of_appetite,pain_behind_the_eyes,back_pain,malaise,muscle_pain,red_spots_over_body,
Dengue,skin_rash,chills,joint_pain,vomiting,fatigue,high_fever,headache,loss_of_appetite,pain_behind_the_eyes,back_pain,malaise,muscle_pain,red_spots_over_body,
Dengue,skin_rash,chills,joint_pain,vomiting,fatigue,high_fever,headache,nausea,pain_behind_the_eyes,back_pain,malaise,muscle_pain,red_spots_over_body,
Typhoid,chills,vomiting,fatigue,high_fever,headache,nausea,constipation,abdominal_pain,diarrhoea,toxic_look_(typhos),belly_pain,,,,,,
Typhoid,vomiting,fatigue,high_fever,headache,nausea,constipation,abdominal_pain,diarrhoea,toxic_look_(typhos),belly_pain,,,,,,,
Typhoid,chills,fatigue,high_fever,headache,nausea,constipation,abdominal_pain,diarrhoea,toxic_look_(typhos),belly_pain,,,,,,,
Typhoid,chills,vomiting,high_fever,headache,nausea,constipation,abdominal_pain,diarrhoea,toxic_look_(typhos),belly_pain,,,,,,,
Typhoid,chills,vomiting,fatigue,headache,nausea,constipation,abdominal_pain,diarrhoea,toxic_look_(typhos),belly_pain,,,,,,,
Typhoid,chills,vomiting,fatigue,high_fever,nausea,constipation,abdominal_pain,diarrhoea,toxic_look_(typhos),belly_pain,,,,,,,
Typhoid,chills,vomiting,fatigue,high_fever,headache,constipation,abdominal_pain,diarrhoea,toxic_look_(typhos),belly_pain,,,,,,,
Typhoid,chills,vomiting,fatigue,high_fever,headache,nausea,abdominal_pain,diarrhoea,toxic_look_(typhos),belly_pain,,,,,,,
Typhoid,chills,vomiting,fatigue,high_fever,headache,nausea,constipation,diarrhoea,toxic_look_(typhos),belly_pain,,,,,,,
Typhoid,chills,vomiting,fatigue,high_fever,headache,nausea,constipation,abdominal_pain,toxic_look_(typhos),belly_pain,,,,,,,
hepatitis A,joint_pain,vomiting,yellowish_skin,dark_urine,nausea,loss_of_appetite,abdominal_pain,diarrhoea,mild_fever,yellowing_of_eyes,muscle_pain,,,,,
hepatitis A,vomiting,yellowish_skin,dark_urine,nausea,loss_of_appetite,abdominal_pain,diarrhoea,mild_fever,yellowing_of_eyes,muscle_pain,,,,,,
hepatitis A,joint_pain,yellowish_skin,dark_urine,nausea,loss_of_appetite,abdominal_pain,diarrhoea,mild_fever,yellowing_of_eyes,muscle_pain,,,,,,
hepatitis A,joint_pain,vomiting,dark_urine,nausea,loss_of_appetite,abdominal_pain,diarrhoea,mild_fever,yellowing_of_eyes,muscle_pain,,,,,,
hepatitis A,joint_pain,vomiting,yellowish_skin,nausea,loss_of_appetite,abdominal_pain,diarrhoea,mild_fever,yellowing_of_eyes,muscle_pain,,,,,,
hepatitis A,joint_pain,vomiting,yellowish_skin,dark_urine,loss_of_appetite,abdominal_pain,diarrhoea,mild_fever,yellowing_of_eyes,muscle_pain,,,,,,
hepatitis A,joint_pain,vomiting,yellowish_skin,dark_urine,nausea,abdominal_pain,diarrhoea,mild_fever,yellowing_of_eyes,muscle_pain,,,,,,
hepatitis A,joint_pain,vomiting,yellowish_skin,dark_urine,nausea,loss_of_appetite,diarrhoea,mild_fever,yellowing_of_eyes,muscle_pain,,,,,,
hepatitis A,joint_pain,vomiting,yellowish_skin,dark_urine,nausea,loss_of_appetite,abdominal_pain,mild_fever,yellowing_of_eyes,muscle_pain,,,,,,
hepatitis A,joint_pain,vomiting,yellowish_skin,dark_urine,nausea,loss_of_appetite,abdominal_pain,diarrhoea,yellowing_of_eyes,muscle_pain,,,,,,
Hepatitis B,itching,fatigue,lethargy,yellowish_skin,dark_urine,loss_of_appetite,abdominal_pain,yellow_urine,yellowing_of_eyes,malaise,receiving_blood_transfusion,receiving_unsterile_injections,,,,,
Hepatitis B,fatigue,lethargy,yellowish_skin,dark_urine,loss_of_appetite,abdominal_pain,yellow_urine,yellowing_of_eyes,malaise,receiving_blood_transfusion,receiving_unsterile_injections,,,,,,
Hepatitis B,itching,lethargy,yellowish_skin,dark_urine,loss_of_appetite,abdominal_pain,yellow_urine,yellowing_of_eyes,malaise,receiving_blood_transfusion,receiving_unsterile_injections,,,,,,
Hepatitis B,itching,fatigue,yellowish_skin,dark_urine,loss_of_appetite,abdominal_pain,yellow_urine,yellowing_of_eyes,malaise,receiving_blood_transfusion,receiving_unsterile_injections,,,,,,
Hepatitis B,itching,fatigue,lethargy,dark_urine,loss_of_appetite,abdominal_pain,yellow_urine,yellowing_of_eyes,malaise,receiving_blood_transfusion,receiving_unsterile_injections,,,,,,
Hepatitis B,itching,fatigue,lethargy,yellowish_skin,loss_of_appetite,abdominal_pain,yellow_urine,yellowing_of_eyes,malaise,receiving_blood_transfusion,receiving_unsterile_injections,,,,,,
Hepatitis B,itching,fatigue,lethargy,yellowish_skin,dark_urine,abdominal_pain,yellow_urine,yellowing_of_eyes,malaise,receiving_blood_transfusion,receiving_unsterile_injections,,,,,,
Hepatitis B,itching,fatigue,lethargy,yellowish_skin,dark_urine,loss_of_appetite,yellow_urine,yellowing_of_eyes,malaise,receiving_blood_transfusion,receiving_unsterile_injections,,,,,,
Hepatitis B,itching,fatigue,lethargy,yellowish_skin,dark_urine,loss_of_appetite,abdominal_pain,yellowing_of_eyes,malaise,receiving_blood_transfusion,receiving_unsterile_injections,,,,,,
Hepatitis B,itching,fatigue,lethargy,yellowish_skin,dark_urine,loss_of_appetite,abdominal_pain,yellow_urine,malaise,receiving_blood_transfusion,receiving_unsterile_injections,,,,,,
Hepatitis C,fatigue,yellowish_skin,nausea,loss_of_appetite,yellowing_of_eyes,family_history,,,,,,,,,,,
Hepatitis C,yellowish_skin,nausea,loss_of_appetite,yellowing_of_eyes,family_history,,,,,,,,,,,,
Hepatitis C,fatigue,nausea,loss_of_appetite,yellowing_of_eyes,family_history,,,,,,,,,,,,
Hepatitis C,fatigue,yellowish_skin,loss_of_appetite,yellowing_of_eyes,family_history,,,,,,,,,,,,
Hepatitis C,fatigue,yellowish_skin,nausea,yellowing_of_eyes,family_history,,,,,,,,,,,,
Hepatitis C,fatigue,yellowish_skin,nausea,loss_of_appetite,family_history,,,,,,,,,,,,
Hepatitis C,fatigue,yellowish_skin,nausea,loss_of_appetite,yellowing_of_eyes,,,,,,,,,,,,
Hepatitis C,fatigue,yellowish_skin,nausea,loss_of_appetite,yellowing_of_eyes,family_history,,,,,,,,,,,
Hepatitis C,fatigue,yellowish_skin,nausea,loss_of_appetite,yellowing_of_eyes,family_history,,,,,,,,,,,
Hepatitis C,fatigue,yellowish_skin,nausea,loss_of_appetite,yellowing_of_eyes,family_history,,,,,,,,,,,
Hepatitis D,joint_pain,vomiting,fatigue,yellowish_skin,dark_urine,nausea,loss_of_appetite,abdominal_pain,yellowing_of_eyes,,,,,,,,
Hepatitis D,vomiting,fatigue,yellowish_skin,dark_urine,nausea,loss_of_appetite,abdominal_pain,yellowing_of_eyes,,,,,,,,,
Hepatitis D,joint_pain,fatigue,yellowish_skin,dark_urine,nausea,loss_of_appetite,abdominal_pain,yellowing_of_eyes,,,,,,,,,
Hepatitis D,joint_pain,vomiting,yellowish_skin,dark_urine,nausea,loss_of_appetite,abdominal_pain,yellowing_of_eyes,,,,,,,,,
Hepatitis D,joint_pain,vomiting,fatigue,dark_urine,nausea,loss_of_appetite,abdominal_pain,yellowing_of_eyes,,,,,,,,,
Hepatitis D,joint_pain,vomiting,fatigue,yellowish_skin,nausea,loss_of_appetite,abdominal_pain,yellowing_of_eyes,,,,,,,,,
Hepatitis D,joint_pain,vomiting,fatigue,yellowish_skin,dark_urine,loss_of_appetite,abdominal_pain,yellowing_of_eyes,,,,,,,,,
Hepatitis D,joint_pain,vomiting,fatigue,yellowish_skin,dark_urine,nausea,abdominal_pain,yellowing_of_eyes,,,,,,,,,
Hepatitis D,joint_pain,vomiting,fatigue,yellowish_skin,dark_urine,nausea,loss_of_appetite,yellowing_of_eyes,,,,,,,,,
Hepatitis D,joint_pain,vomiting,fatigue,yellowish_skin,dark_urine,nausea,loss_of_appetite,abdominal_pain,,,,,,,,,
Hepatitis E,joint_pain,vomiting,fatigue,high_fever,yellowish_skin,dark_urine,nausea,loss_of_appetite,abdominal_pain,yellowing_of_eyes,coma,stomach_bleeding,,,,,
Hepatitis E,vomiting,fatigue,high_fever,yellowish_skin,dark_urine,nausea,loss_of_appetite,abdominal_pain,yellowing_of_eyes,acute_liver_failure,coma,stomach_bleeding,,,,
Hepatitis E,joint_pain,fatigue,high_fever,yellowish_skin,dark_urine,nausea,loss_of_appetite,abdominal_pain,yellowing_of_eyes,acute_liver_failure,coma,stomach_bleeding,,,,
Hepatitis E,joint_pain,vomiting,high_fever,yellowish_skin,dark_urine,nausea,loss_of_appetite,abdominal_pain,yellowing_of_eyes,acute_liver_failure,coma,stomach_bleeding,,,,
Hepatitis E,joint_pain,vomiting,fatigue,yellowish_skin,dark_urine,nausea,loss_of_appetite,abdominal_pain,yellowing_of_eyes,acute_liver_failure,coma,stomach_bleeding,,,,
Hepatitis E,joint_pain,vomiting,fatigue,high_fever,dark_urine,nausea,loss_of_appetite,abdominal_pain,yellowing_of_eyes,acute_liver_failure,coma,stomach_bleeding,,,,
Hepatitis E,joint_pain,vomiting,fatigue,high_fever,yellowish_skin,nausea,loss_of_appetite,abdominal_pain,yellowing_of_eyes,acute_liver_failure,coma,stomach_bleeding,,,,
Hepatitis E,joint_pain,vomiting,fatigue,high_fever,yellowish_skin,dark_urine,loss_of_appetite,abdominal_pain,yellowing_of_eyes,acute_liver_failure,coma,stomach_bleeding,,,,
Hepatitis E,joint_pain,vomiting,fatigue,high_fever,yellowish_skin,dark_urine,nausea,abdominal_pain,yellowing_of_eyes,acute_liver_failure,coma,stomach_bleeding,,,,
Hepatitis E,joint_pain,vomiting,fatigue,high_fever,yellowish_skin,dark_urine,nausea,loss_of_appetite,yellowing_of_eyes,acute_liver_failure,coma,stomach_bleeding,,,,
Alcoholic hepatitis,vomiting,yellowish_skin,abdominal_pain,swelling_of_stomach,distention_of_abdomen,history_of_alcohol_consumption,fluid_overload,,,,,,,,,,
Alcoholic hepatitis,yellowish_skin,abdominal_pain,swelling_of_stomach,distention_of_abdomen,history_of_alcohol_consumption,fluid_overload,,,,,,,,,,,
Alcoholic hepatitis,vomiting,abdominal_pain,swelling_of_stomach,distention_of_abdomen,history_of_alcohol_consumption,fluid_overload,,,,,,,,,,,
Alcoholic hepatitis,vomiting,yellowish_skin,swelling_of_stomach,distention_of_abdomen,history_of_alcohol_consumption,fluid_overload,,,,,,,,,,,
Alcoholic hepatitis,vomiting,yellowish_skin,abdominal_pain,distention_of_abdomen,history_of_alcohol_consumption,fluid_overload,,,,,,,,,,,
Alcoholic hepatitis,vomiting,yellowish_skin,abdominal_pain,swelling_of_stomach,history_of_alcohol_consumption,fluid_overload,,,,,,,,,,,
Alcoholic hepatitis,vomiting,yellowish_skin,abdominal_pain,swelling_of_stomach,distention_of_abdomen,fluid_overload,,,,,,,,,,,
Alcoholic hepatitis,vomiting,yellowish_skin,abdominal_pain,swelling_of_stomach,distention_of_abdomen,history_of_alcohol_consumption,,,,,,,,,,,
Alcoholic hepatitis,vomiting,yellowish_skin,abdominal_pain,swelling_of_stomach,distention_of_abdomen,history_of_alcohol_consumption,fluid_overload,,,,,,,,,,
Alcoholic hepatitis,vomiting,yellowish_skin,abdominal_pain,swelling_of_stomach,distention_of_abdomen,history_of_alcohol_consumption,fluid_overload,,,,,,,,,,
Tuberculosis,chills,vomiting,fatigue,weight_loss,cough,high_fever,breathlessness,sweating,loss_of_appetite,mild_fever,yellowing_of_eyes,swelled_lymph_nodes,malaise,phlegm,chest_pain,blood_in_sputum
Tuberculosis,vomiting,fatigue,weight_loss,cough,high_fever,breathlessness,sweating,loss_of_appetite,mild_fever,yellowing_of_eyes,swelled_lymph_nodes,malaise,phlegm,chest_pain,blood_in_sputum
Tuberculosis,chills,fatigue,weight_loss,cough,high_fever,breathlessness,sweating,loss_of_appetite,mild_fever,yellowing_of_eyes,swelled_lymph_nodes,malaise,phlegm,chest_pain,blood_in_sputum
Tuberculosis,chills,vomiting,weight_loss,cough,high_fever,breathlessness,sweating,loss_of_appetite,mild_fever,yellowing_of_eyes,swelled_lymph_nodes,malaise,phlegm,chest_pain,blood_in_sputum
Tuberculosis,chills,vomiting,fatigue,cough,high_fever,breathlessness,sweating,loss_of_appetite,mild_fever,yellowing_of_eyes,swelled_lymph_nodes,malaise,phlegm,chest_pain,blood_in_sputum
Tuberculosis,chills,vomiting,fatigue,weight_loss,high_fever,breathlessness,sweating,loss_of_appetite,mild_fever,yellowing_of_eyes,swelled_lymph_nodes,malaise,phlegm,chest_pain,blood_in_sputum
Tuberculosis,chills,vomiting,fatigue,weight_loss,cough,breathlessness,sweating,loss_of_appetite,mild_fever,yellowing_of_eyes,swelled_lymph_nodes,malaise,phlegm,chest_pain,blood_in_sputum
Tuberculosis,chills,vomiting,fatigue,weight_loss,cough,high_fever,sweating,loss_of_appetite,mild_fever,yellowing_of_eyes,swelled_lymph_nodes,malaise,phlegm,chest_pain,blood_in_sputum
Tuberculosis,chills,vomiting,fatigue,weight_loss,cough,high_fever,breathlessness,loss_of_appetite,mild_fever,yellowing_of_eyes,swelled_lymph_nodes,malaise,phlegm,chest_pain,blood_in_sputum
Tuberculosis,chills,vomiting,fatigue,weight_loss,cough,high_fever,breathlessness,sweating,mild_fever,yellowing_of_eyes,swelled_lymph_nodes,malaise,phlegm,chest_pain,blood_in_sputum
Common Cold,continuous_sneezing,chills,fatigue,cough,high_fever,headache,swelled_lymph_nodes,malaise,phlegm,throat_irritation,redness_of_eyes,sinus_pressure,runny_nose,congestion,chest_pain,loss_of_smell
Common Cold,chills,fatigue,cough,high_fever,headache,swelled_lymph_nodes,malaise,phlegm,throat_irritation,redness_of_eyes,sinus_pressure,runny_nose,congestion,chest_pain,loss_of_smell
Common Cold,continuous_sneezing,fatigue,cough,high_fever,headache,swelled_lymph_nodes,malaise,phlegm,throat_irritation,redness_of_eyes,sinus_pressure,runny_nose,congestion,chest_pain,loss_of_smell
Common Cold,continuous_sneezing,chills,cough,high_fever,headache,swelled_lymph_nodes,malaise,phlegm,throat_irritation,redness_of_eyes,sinus_pressure,runny_nose,congestion,chest_pain,loss_of_smell
Common Cold,continuous_sneezing,chills,fatigue,high_fever,headache,swelled_lymph_nodes,malaise,phlegm,throat_irritation,redness_of_eyes,sinus_pressure,runny_nose,congestion,chest_pain,loss_of_smell
Common Cold,continuous_sneezing,chills,fatigue,cough,headache,swelled_lymph_nodes,malaise,phlegm,throat_irritation,redness_of_eyes,sinus_pressure,runny_nose,congestion,chest_pain,loss_of_smell
Common Cold,continuous_sneezing,chills,fatigue,cough,high_fever,swelled_lymph_nodes,malaise,phlegm,throat_irritation,redness_of_eyes,sinus_pressure,runny_nose,congestion,chest_pain,loss_of_smell
Common Cold,continuous_sneezing,chills,fatigue,cough,high_fever,headache,malaise,phlegm,throat_irritation,redness_of_eyes,sinus_pressure,runny_nose,congestion,chest_pain,loss_of_smell
Common Cold,continuous_sneezing,chills,fatigue,cough,high_fever,headache,swelled_lymph_nodes,phlegm,throat_irritation,redness_of_eyes,sinus_pressure,runny_nose,congestion,chest_pain,loss_of_smell
Common Cold,continuous_sneezing,chills,fatigue,cough,high_fever,headache,swelled_lymph_nodes,malaise,throat_irritation,redness_of_eyes,sinus_pressure,runny_nose,congestion,chest_pain,loss_of_smell
Pneumonia,chills,fatigue,cough,high_fever,breathlessness,sweating,malaise,phlegm,chest_pain,fast_heart_rate,rusty_sputum,,,,,,
Pneumonia,fatigue,cough,high_fever,breathlessness,sweating,malaise,phlegm,chest_pain,fast_heart_rate,rusty_sputum,,,,,,,
Pneumonia,chills,cough,high_fever,breathlessness,sweating,malaise,phlegm,chest_pain,fast_heart_rate,rusty_sputum,,,,,,,
Pneumonia,chills,fatigue,high_fever,breathlessness,sweating,malaise,phlegm,chest_pain,fast_heart_rate,rusty_sputum,,,,,,,
Pneumonia,chills,fatigue,cough,breathlessness,sweating,malaise,phlegm,chest_pain,fast_heart_rate,rusty_sputum,,,,,,,
Pneumonia,chills,fatigue,cough,high_fever,sweating,malaise,phlegm,chest_pain,fast_heart_rate,rusty_sputum,,,,,,,
Pneumonia,chills,fatigue,cough,high_fever,breathlessness,malaise,phlegm,chest_pain,fast_heart_rate,rusty_sputum,,,,,,,
Pneumonia,chills,fatigue,cough,high_fever,breathlessness,sweating,phlegm,chest_pain,fast_heart_rate,rusty_sputum,,,,,,,
Pneumonia,chills,fatigue,cough,high_fever,breathlessness,sweating,malaise,chest_pain,fast_heart_rate,rusty_sputum,,,,,,,
Pneumonia,chills,fatigue,cough,high_fever,breathlessness,sweating,malaise,phlegm,fast_heart_rate,rusty_sputum,,,,,,,
Dimorphic hemmorhoids(piles),constipation,pain_during_bowel_movements,pain_in_anal_region,bloody_stool,irritation_in_anus,swelling_joints,,,,,,,,,,
Dimorphic hemmorhoids(piles),pain_during_bowel_movements,pain_in_anal_region,bloody_stool,irritation_in_anus,swelling_joints,,,,,,,,,,
Dimorphic hemmorhoids(piles),constipation,pain_in_anal_region,bloody_stool,irritation_in_anus,swelling_joints,,,,,,,,,,
Dimorphic hemmorhoids(piles),constipation,pain_during_bowel_movements,bloody_stool,irritation_in_anus,swelling_joints,,,,,,,,,,
Dimorphic hemmorhoids(piles),constipation,pain_during_bowel_movements,pain_in_anal_region,irritation_in_anus,swelling_joints,,,,,,,,,,
Dimorphic hemmorhoids(piles),constipation,pain_during_bowel_movements,pain_in_anal_region,bloody_stool,swelling_joints,,,,,,,,,,
Dimorphic hemmorhoids(piles),constipation,pain_during_bowel_movements,pain_in_anal_region,bloody_stool,irritation_in_anus,,,,,,,,,,
Dimorphic hemmorhoids(piles),pain_during_bowel_movements,pain_in_anal_region,bloody_stool,irritation_in_anus,swelling_joints,,,,,,,,,,
Dimorphic hemmorhoids(piles),constipation,pain_in_anal_region,bloody_stool,irritation_in_anus,swelling_joints,,,,,,,,,,
Dimorphic hemmorhoids(piles),constipation,pain_during_bowel_movements,bloody_stool,irritation_in_anus,swelling_joints,,,,,,,,,,
Heart attack,vomiting,breathlessness,sweating,chest_pain,,,,,,,,,,,,,
Heart attack,breathlessness,sweating,chest_pain,,,,,,,,,,,,,,
Heart attack,vomiting,sweating,chest_pain,,,,,,,,,,,,,,
Heart attack,vomiting,breathlessness,chest_pain,,,,,,,,,,,,,,
Heart attack,vomiting,breathlessness,sweating,,,,,,,,,,,,,,
Heart attack,breathlessness,sweating,chest_pain,,,,,,,,,,,,,,
Heart attack,vomiting,sweating,chest_pain,,,,,,,,,,,,,,
Heart attack,vomiting,breathlessness,chest_pain,,,,,,,,,,,,,,
Heart attack,vomiting,breathlessness,sweating,,,,,,,,,,,,,,
Heart attack,vomiting,breathlessness,sweating,chest_pain,,,,,,,,,,,,,
Varicose veins,fatigue,cramps,bruising,obesity,swollen_legs,swollen_blood_vessels,prominent_veins_on_cheeks,,,,,,,,,,
Varicose veins,cramps,bruising,obesity,swollen_legs,swollen_blood_vessels,prominent_veins_on_cheeks,,,,,,,,,,,
Varicose veins,fatigue,bruising,obesity,swollen_legs,swollen_blood_vessels,prominent_veins_on_cheeks,,,,,,,,,,,
Varicose veins,fatigue,cramps,obesity,swollen_legs,swollen_blood_vessels,prominent_veins_on_cheeks,,,,,,,,,,,
Varicose veins,fatigue,cramps,bruising,swollen_legs,swollen_blood_vessels,prominent_veins_on_cheeks,,,,,,,,,,,
Varicose veins,fatigue,cramps,bruising,obesity,swollen_blood_vessels,prominent_veins_on_cheeks,,,,,,,,,,,
Varicose veins,fatigue,cramps,bruising,obesity,swollen_legs,prominent_veins_on_cheeks,,,,,,,,,,,
Varicose veins,fatigue,cramps,bruising,obesity,swollen_legs,swollen_blood_vessels,,,,,,,,,,,
Varicose veins,cramps,bruising,obesity,swollen_legs,swollen_blood_vessels,prominent_veins_on_cheeks,,,,,,,,,,,
Varicose veins,fatigue,bruising,obesity,swollen_legs,swollen_blood_vessels,prominent_veins_on_cheeks,,,,,,,,,,,
Hypothyroidism,fatigue,weight_gain,cold_hands_and_feets,mood_swings,lethargy,dizziness,puffy_face_and_eyes,enlarged_thyroid,brittle_nails,swollen_extremeties,depression,irritability,abnormal_menstruation,,
Hypothyroidism,weight_gain,cold_hands_and_feets,mood_swings,lethargy,dizziness,puffy_face_and_eyes,enlarged_thyroid,brittle_nails,swollen_extremeties,depression,irritability,abnormal_menstruation,,,
Hypothyroidism,fatigue,cold_hands_and_feets,mood_swings,lethargy,dizziness,puffy_face_and_eyes,enlarged_thyroid,brittle_nails,swollen_extremeties,depression,irritability,abnormal_menstruation,,,
Hypothyroidism,fatigue,weight_gain,mood_swings,lethargy,dizziness,puffy_face_and_eyes,enlarged_thyroid,brittle_nails,swollen_extremeties,depression,irritability,abnormal_menstruation,,,
Hypothyroidism,fatigue,weight_gain,cold_hands_and_feets,lethargy,dizziness,puffy_face_and_eyes,enlarged_thyroid,brittle_nails,swollen_extremeties,depression,irritability,abnormal_menstruation,,,
Hypothyroidism,fatigue,weight_gain,cold_hands_and_feets,mood_swings,dizziness,puffy_face_and_eyes,enlarged_thyroid,brittle_nails,swollen_extremeties,depression,irritability,abnormal_menstruation,,,
Hypothyroidism,fatigue,weight_gain,cold_hands_and_feets,mood_swings,lethargy,puffy_face_and_eyes,enlarged_thyroid,brittle_nails,swollen_extremeties,depression,irritability,abnormal_menstruation,,,
Hypothyroidism,fatigue,weight_gain,cold_hands_and_feets,mood_swings,lethargy,dizziness,enlarged_thyroid,brittle_nails,swollen_extremeties,depression,irritability,abnormal_menstruation,,,
Hypothyroidism,fatigue,weight_gain,cold_hands_and_feets,mood_swings,lethargy,dizziness,puffy_face_and_eyes,brittle_nails,swollen_extremeties,depression,irritability,abnormal_menstruation,,,
Hypothyroidism,fatigue,weight_gain,cold_hands_and_feets,mood_swings,lethargy,dizziness,puffy_face_and_eyes,enlarged_thyroid,swollen_extremeties,depression,irritability,abnormal_menstruation,,,
Hyperthyroidism,fatigue,weight_loss,restlessness,sweating,fast_heart_rate,mood_swings,anxiety,irritability,muscle_weakness,diarrhoea,enlarged_thyroid,abnormal_menstruation,,,,
Hyperthyroidism,weight_loss,restlessness,sweating,fast_heart_rate,mood_swings,anxiety,irritability,muscle_weakness,diarrhoea,enlarged_thyroid,abnormal_menstruation,,,,
Hyperthyroidism,fatigue,restlessness,sweating,fast_heart_rate,mood_swings,anxiety,irritability,muscle_weakness,diarrhoea,enlarged_thyroid,abnormal_menstruation,,,,
Hyperthyroidism,fatigue,weight_loss,sweating,fast_heart_rate,mood_swings,anxiety,irritability,muscle_weakness,diarrhoea,enlarged_thyroid,abnormal_menstruation,,,,
Hyperthyroidism,fatigue,weight_loss,restlessness,fast_heart_rate,mood_swings,anxiety,irritability,muscle_weakness,diarrhoea,enlarged_thyroid,abnormal_menstruation,,,,
Hyperthyroidism,fatigue,weight_loss,restlessness,sweating,mood_swings,anxiety,irritability,muscle_weakness,diarrhoea,enlarged_thyroid,abnormal_menstruation,,,,
Hyperthyroidism,fatigue,weight_loss,restlessness,sweating,fast_heart_rate,anxiety,irritability,muscle_weakness,diarrhoea,enlarged_thyroid,abnormal_menstruation,,,,
Hyperthyroidism,fatigue,weight_loss,restlessness,sweating,fast_heart_rate,mood_swings,irritability,muscle_weakness,diarrhoea,enlarged_thyroid,abnormal_menstruation,,,,
Hyperthyroidism,fatigue,weight_loss,restlessness,sweating,fast_heart_rate,mood_swings,anxiety,muscle_weakness,diarrhoea,enlarged_thyroid,abnormal_menstruation,,,,
Hyperthyroidism,fatigue,weight_loss,restlessness,sweating,fast_heart_rate,mood_swings,anxiety,irritability,diarrhoea,enlarged_thyroid,abnormal_menstruation,,,,
Hypoglycemia,vomiting,fatigue,anxiety,sweating,headache,nausea,blurred_and_distorted_vision,drying_and_tingling_lips,slurred_speech,irritability,palpitations,,,,,
Hypoglycemia,fatigue,anxiety,sweating,headache,nausea,blurred_and_distorted_vision,drying_and_tingling_lips,slurred_speech,irritability,palpitations,,,,,,
Hypoglycemia,vomiting,anxiety,sweating,headache,nausea,blurred_and_distorted_vision,drying_and_tingling_lips,slurred_speech,irritability,palpitations,,,,,,
Hypoglycemia,vomiting,fatigue,sweating,headache,nausea,blurred_and_distorted_vision,drying_and_tingling_lips,slurred_speech,irritability,palpitations,,,,,,
Hypoglycemia,vomiting,fatigue,anxiety,headache,nausea,blurred_and_distorted_vision,drying_and_tingling_lips,slurred_speech,irritability,palpitations,,,,,,
Hypoglycemia,vomiting,fatigue,anxiety,sweating,nausea,blurred_and_distorted_vision,drying_and_tingling_lips,slurred_speech,irritability,palpitations,,,,,,
Hypoglycemia,vomiting,fatigue,anxiety,sweating,headache,blurred_and_distorted_vision,drying_and_tingling_lips,slurred_speech, irritability,palpitations,,,,,,
Hypoglycemia,vomiting,fatigue,anxiety,sweating,headache,nausea,drying_and_tingling_lips,slurred_speech,irritability,palpitations,,,,,,
Hypoglycemia,vomiting,fatigue,anxiety,sweating,headache,nausea,blurred_and_distorted_vision,slurred_speech,irritability,palpitations,,,,,,
Hypoglycemia,vomiting,fatigue,anxiety,sweating,headache,nausea,blurred_and_distorted_vision,drying_and_tingling_lips,irritability,palpitations,,,,,,
Osteoarthristis,joint_pain,neck_pain,knee_pain,hip_joint_pain,painful_walking,swelling_joints,movement_stiffness,,,,,,,,,,
Osteoarthristis,neck_pain,knee_pain,hip_joint_pain,painful_walking,swelling_joints,movement_stiffness,,,,,,,,,,,
Osteoarthristis,joint_pain,knee_pain,hip_joint_pain,painful_walking,swelling_joints,movement_stiffness,,,,,,,,,,,
Osteoarthristis,joint_pain,neck_pain,hip_joint_pain,painful_walking,swelling_joints,movement_stiffness,,,,,,,,,,,
Osteoarthristis,joint_pain,neck_pain,knee_pain,painful_walking,swelling_joints,movement_stiffness,,,,,,,,,,,
Osteoarthristis,joint_pain,neck_pain,knee_pain,hip_joint_pain,swelling_joints,movement_stiffness,,,,,,,,,,,
Osteoarthristis,joint_pain,neck_pain,knee_pain,hip_joint_pain,painful_walking,movement_stiffness,,,,,,,,,,,
Osteoarthristis,joint_pain,neck_pain,knee_pain,hip_joint_pain,painful_walking,swelling_joints,,,,,,,,,,,
Osteoarthristis,neck_pain,knee_pain,hip_joint_pain,painful_walking,swelling_joints,movement_stiffness,,,,,,,,,,,
Osteoarthristis,joint_pain,knee_pain,hip_joint_pain,painful_walking,swelling_joints,movement_stiffness,,,,,,,,,,,
Arthritis,muscle_weakness,stiff_neck,swelling_joints,movement_stiffness,painful_walking,,,,,,,,,,,,,
Arthritis,stiff_neck,swelling_joints,movement_stiffness,painful_walking,,,,,,,,,,,,,,
Arthritis,muscle_weakness,swelling_joints,movement_stiffness,painful_walking,,,,,,,,,,,,,,
Arthritis,muscle_weakness,stiff_neck,movement_stiffness,painful_walking,,,,,,,,,,,,,,
Arthritis,muscle_weakness,stiff_neck,swelling_joints,painful_walking,,,,,,,,,,,,,,
Arthritis,muscle_weakness,stiff_neck,swelling_joints,movement_stiffness,,,,,,,,,,,,,,
Arthritis,stiff_neck,swelling_joints,movement_stiffness,painful_walking,,,,,,,,,,,,,,
Arthritis,muscle_weakness,swelling_joints,movement_stiffness,painful_walking,,,,,,,,,,,,,,
Arthritis,muscle_weakness,stiff_neck,movement_stiffness,painful_walking,,,,,,,,,,,,,,
Arthritis,muscle_weakness,stiff_neck,swelling_joints,painful_walking,,,,,,,,,,,,,,
(vertigo) Paroymsal Positional Vertigo,vomiting,headache,nausea,spinning_movements,loss_of_balance,unsteadiness,,,,,,,,,,,,
(vertigo) Paroymsal Positional Vertigo,headache,nausea,spinning_movements,loss_of_balance,unsteadiness,,,,,,,,,,,,,
(vertigo) Paroymsal Positional Vertigo,vomiting,nausea,spinning_movements,loss_of_balance,unsteadiness,,,,,,,,,,,,,
(vertigo) Paroymsal Positional Vertigo,vomiting,headache,spinning_movements,loss_of_balance,unsteadiness,,,,,,,,,,,,,
(vertigo) Paroymsal Positional Vertigo,vomiting,headache,nausea,loss_of_balance,unsteadiness,,,,,,,,,,,,,
(vertigo) Paroymsal Positional Vertigo,vomiting,headache,nausea,spinning_movements,unsteadiness,,,,,,,,,,,,,
(vertigo) Paroymsal Positional Vertigo,vomiting,headache,nausea,spinning_movements,loss_of_balance,,,,,,,,,,,,,
(vertigo) Paroymsal Positional Vertigo,headache,nausea,spinning_movements,loss_of_balance,unsteadiness,,,,,,,,,,,,,
(vertigo) Paroymsal Positional Vertigo,vomiting,nausea,spinning_movements,loss_of_balance,unsteadiness,,,,,,,,,,,,,
(vertigo) Paroymsal Positional Vertigo,vomiting,headache,spinning_movements,loss_of_balance,unsteadiness,,,,,,,,,,,,,
Acne,skin_rash,pus_filled_pimples,blackheads,scurring,,,,,,,,,,,,,
Acne,pus_filled_pimples,blackheads,scurring,,,,,,,,,,,,,,
Acne,skin_rash,blackheads,scurring,,,,,,,,,,,,,,
Acne,skin_rash,pus_filled_pimples,scurring,,,,,,,,,,,,,,
Acne,skin_rash,pus_filled_pimples,blackheads,,,,,,,,,,,,,,
Acne,pus_filled_pimples,blackheads,scurring,,,,,,,,,,,,,,
Acne,skin_rash,blackheads,scurring,,,,,,,,,,,,,,
Acne,skin_rash,pus_filled_pimples,scurring,,,,,,,,,,,,,,
Acne,skin_rash,pus_filled_pimples,blackheads,,,,,,,,,,,,,,
Acne,skin_rash,pus_filled_pimples,blackheads,scurring,,,,,,,,,,,,,
Urinary tract infection,burning_micturition,bladder_discomfort,foul_smell_of_urine,continuous_feel_of_urine,,,,,,,,,,,,,,
Urinary tract infection,bladder_discomfort,foul_smell_of_urine,continuous_feel_of_urine,,,,,,,,,,,,,,,
Urinary tract infection,burning_micturition,foul_smell_of_urine,continuous_feel_of_urine,,,,,,,,,,,,,,,
Urinary tract infection,burning_micturition,bladder_discomfort,continuous_feel_of_urine,,,,,,,,,,,,,,,
Urinary tract infection,burning_micturition,bladder_discomfort,foul_smell_of_urine,,,,,,,,,,,,,,,
Urinary tract infection,bladder_discomfort,foul_smell_of_urine,continuous_feel_of_urine,,,,,,,,,,,,,,,
Urinary tract infection,burning_micturition,foul_smell_of_urine,continuous_feel_of_urine,,,,,,,,,,,,,,,
Urinary tract infection,burning_micturition,bladder_discomfort,continuous_feel_of_urine,,,,,,,,,,,,,,,
Urinary tract infection,burning_micturition,bladder_discomfort,foul_smell_of_urine,,,,,,,,,,,,,,,
Urinary tract infection,burning_micturition,bladder_discomfort,foul_smell_of_urine,continuous_feel_of_urine,,,,,,,,,,,,,,
Psoriasis,skin_rash,joint_pain,skin_peeling,silver_like_dusting,small_dents_in_nails,inflammatory_nails,,,,,,,,,,
Psoriasis,joint_pain,skin_peeling,silver_like_dusting,small_dents_in_nails,inflammatory_nails,,,,,,,,,,,
Psoriasis,skin_rash,skin_peeling,silver_like_dusting,small_dents_in_nails,inflammatory_nails,,,,,,,,,,,
Psoriasis,skin_rash,joint_pain,silver_like_dusting,small_dents_in_nails,inflammatory_nails,,,,,,,,,,,
Psoriasis,skin_rash,joint_pain,skin_peeling,small_dents_in_nails,inflammatory_nails,,,,,,,,,,,
Psoriasis,skin_rash,joint_pain,skin_peeling,silver_like_dusting,inflammatory_nails,,,,,,,,,,,
Psoriasis,skin_rash,joint_pain,skin_peeling,silver_like_dusting,small_dents_in_nails,,,,,,,,,,,
Psoriasis,joint_pain,skin_peeling,silver_like_dusting,small_dents_in_nails,inflammatory_nails,,,,,,,,,,,
Psoriasis,skin_rash,skin_peeling,silver_like_dusting,small_dents_in_nails,inflammatory_nails,,,,,,,,,,,
Psoriasis,skin_rash,joint_pain,silver_like_dusting,small_dents_in_nails,inflammatory_nails,,,,,,,,,,,
Impetigo,skin_rash,blister,red_sore_around_nose,yellow_crust_ooze,,,,,,,,,,,,,
Impetigo,blister,red_sore_around_nose,yellow_crust_ooze,,,,,,,,,,,,,,
Impetigo,skin_rash,red_sore_around_nose,yellow_crust_ooze,,,,,,,,,,,,,,
Impetigo,skin_rash,blister,yellow_crust_ooze,,,,,,,,,,,,,,
Impetigo,skin_rash,blister,red_sore_around_nose,,,,,,,,,,,,,,
Impetigo,blister,red_sore_around_nose,yellow_crust_ooze,,,,,,,,,,,,,,
Impetigo,skin_rash,red_sore_around_nose,yellow_crust_ooze,,,,,,,,,,,,,,
Impetigo,skin_rash,blister,yellow_crust_ooze,,,,,,,,,,,,,,
Impetigo,skin_rash,blister,red_sore_around_nose,,,,,,,,,,,,,,
Impetigo,skin_rash,blister,red_sore_around_nose,yellow_crust_ooze,,,,,,,,,,,,,